,Unnamed: 0,SEASON_YEAR,PLAYER_ID,PLAYER_NAME,NICKNAME,TEAM_ID,TEAM_ABBREVIATION,TEAM_NAME,GAME_ID,GAME_DATE,MATCHUP,WL,MIN,FGM,FGA,FG_PCT,FG3M,FG3A,FG3_PCT,FTM,FTA,FT_PCT,OREB,DREB,REB,AST,TOV,STL,BLK,BLKA,PF,PFD,PTS,PLUS_MINUS,NBA_FANTASY_PTS,DD2,TD3,WNBA_FANTASY_PTS,GP_RANK,W_RANK,L_RANK,W_PCT_RANK,MIN_RANK,FGM_RANK,FGA_RANK,FG_PCT_RANK,FG3M_RANK,FG3A_RANK,FG3_PCT_RANK,FTM_RANK,FTA_RANK,FT_PCT_RANK,OREB_RANK,DREB_RANK,REB_RANK,AST_RANK,TOV_RANK,STL_RANK,BLK_RANK,BLKA_RANK,PF_RANK,PFD_RANK,PTS_RANK,PLUS_MINUS_RANK,NBA_FANTASY_PTS_RANK,DD2_RANK,TD3_RANK,WNBA_FANTASY_PTS_RANK,AVAILABLE_FLAG,MIN_SEC,NET_RANKING
7599,7599,2022-23,1630176,Vernon Carey Jr.,Vernon,1610612764,WAS,Washington Wizards,22200872,2023-02-14T00:00:00,WAS @ POR,W,2.0166666666666666,1,1,1.0,0,0,0.0,0,0,0.0,0,3,3,1,0,0,0,0,0,0,2,8,7.1,0,0,6.0,1,1,1,1,25261,18953,23078,1,14184,20319,14184,13851,14660,13851,13272,9404,12567,13459,16367,11790,7930,1,1,17928,21044,5327,21170,2163,120,21425,1,2:01,
8027,8027,2022-23,1630176,Vernon Carey Jr.,Vernon,1610612764,WAS,Washington Wizards,22200849,2023-02-11T00:00:00,WAS vs. IND,W,2.9,0,1,0.0,0,0,0.0,0,0,0.0,0,0,0,0,0,0,0,1,1,0,0,-5,0.0,0,0,0.0,1,1,1,1,24850,22559,23078,22559,14184,20319,14184,13851,14660,13851,13272,22091,23082,19186,16367,11790,7930,17468,5181,17928,23116,17295,24963,2163,120,25002,1,2:54,
9833,9833,2022-23,1630176,Vernon Carey Jr.,Vernon,1610612764,WAS,Washington Wizards,22200760,2023-01-30T00:00:00,WAS @ SAS,W,2.183333333333333,0,0,0.0,0,0,0.0,2,2,1.0,0,0,0,0,0,0,0,0,0,1,2,2,2.0,0,0,2.0,1,1,1,1,25188,22559,24678,22559,14184,20319,14184,6620,8080,1,13272,22091,23082,19186,16367,11790,7930,1,1,11862,21044,9989,24065,2163,120,23851,1,2:11,
10521,10521,2022-23,1630176,Vernon Carey Jr.,Vernon,1610612764,WAS,Washington Wizards,22200722,2023-01-25T00:00:00,WAS @ HOU,W,6.383333333333334,0,3,0.0,0,0,0.0,0,0,0.0,2,1,3,1,0,1,0,0,2,0,0,-8,8.1,0,0,6.0,1,1,1,1,23371,22559,19669,22559,14184,20319,14184,13851,14660,13851,3077,17626,12567,13459,16367,4306,7930,1,11553,17928,23116,19762,20538,2163,120,21425,1,6:23,
13453,13453,2022-23,1630176,Vernon Carey Jr.,Vernon,1610612764,WAS,Washington Wizards,22200584,2023-01-06T00:00:00,WAS @ OKC,L,2.7333333333333334,0,0,0.0,0,0,0.0,0,0,0.0,0,1,1,0,0,0,0,0,0,0,0,1,1.2,0,0,1.0,1,12947,12947,12947,24929,22559,24678,22559,14184,20319,14184,13851,14660,13851,13272,17626,19709,19186,16367,11790,7930,1,1,17928,23116,11018,24482,2163,120,24441,1,2:44,
13916,13916,2022-23,1630176,Vernon Carey Jr.,Vernon,1610612764,WAS,Washington Wizards,22200561,2023-01-03T00:00:00,WAS @ MIL,L,1.3833333333333333,0,0,0.0,0,0,0.0,0,0,0.0,0,0,0,0,0,0,1,0,0,0,0,4,3.0,0,0,2.0,1,12947,12947,12947,25569,22559,24678,22559,14184,20319,14184,13851,14660,13851,13272,22091,23082,19186,16367,11790,2381,1,1,17928,23116,8218,23533,2163,120,23851,1,1:23,
14218,14218,2022-23,1630176,Vernon Carey Jr.,Vernon,1610612764,WAS,Washington Wizards,22200548,2023-01-01T00:00:00,WAS @ MIL,W,3.85,1,1,1.0,0,0,0.0,0,0,0.0,1,0,1,0,1,1,1,0,0,0,2,0,8.2,0,0,7.0,1,1,1,1,24437,18953,23078,1,14184,20319,14184,13851,14660,13851,6448,22091,19709,19186,8897,4306,2381,1,1,17928,21044,11977,20467,2163,120,20760,1,3:51,
14813,14813,2022-23,1630176,Vernon Carey Jr.,Vernon,1610612764,WAS,Washington Wizards,22200516,2022-12-28T00:00:00,WAS vs. PHX,W,1.9666666666666663,0,0,0.0,0,0,0.0,0,0,0.0,0,2,2,1,0,0,0,0,0,0,0,1,3.9,0,0,3.0,1,1,1,1,25290,22559,24678,22559,14184,20319,14184,13851,14660,13851,13272,13188,16055,13459,16367,11790,7930,1,1,17928,23116,11018,23098,2163,120,23300,1,1:58,
19421,19421,2022-23,1630176,Vernon Carey Jr.,Vernon,1610612764,WAS,Washington Wizards,22200300,2022-11-28T00:00:00,WAS vs. MIN,W,2.966666666666667,0,2,0.0,0,0,0.0,0,0,0.0,0,1,1,0,1,0,0,0,1,0,0,-11,0.2,0,0,1.0,1,1,1,1,24829,22559,21404,22559,14184,20319,14184,13851,14660,13851,13272,17626,19709,19186,8897,11790,7930,1,5181,17928,23116,21730,24897,2163,120,24441,1,2:58,
21870,21870,2022-23,1630176,Vernon Carey Jr.,Vernon,1610612764,WAS,Washington Wizards,22200185,2022-11-12T00:00:00,WAS vs. UTA,W,1.0833333333333333,0,0,0.0,0,0,0.0,0,0,0.0,0,0,0,0,0,0,0,0,1,0,0,-4,0.0,0,0,0.0,1,1,1,1,25666,22559,24678,22559,14184,20319,14184,13851,14660,13851,13272,22091,23082,19186,16367,11790,7930,1,5181,17928,23116,16280,24963,2163,120,25002,1,1:05,
24288,24288,2022-23,1630176,Vernon Carey Jr.,Vernon,1610612764,WAS,Washington Wizards,22200074,2022-10-28T00:00:00,WAS vs. IND,L,1.0166666666666666,0,0,0.0,0,0,0.0,0,0,0.0,0,0,0,0,0,0,0,0,0,0,0,2,0.0,0,0,0.0,1,12947,12947,12947,25681,22559,24678,22559,14184,20319,14184,13851,14660,13851,13272,22091,23082,19186,16367,11790,7930,1,1,17928,23116,9989,24963,2163,120,25002,1,1:01,
